City_ID,City,Lat,Lng,Max Temp,Humidity,Cloudiness,Wind Speed,Country,Date
0,port-aux-francais,-49.35,70.2167,2.46,86,35,8.58,TF,1722730694
1,holualoa,19.6228,-155.9522,28.08,75,0,6.69,US,1722731051
2,blackmans bay,-43.0167,147.3167,10.07,87,39,4.23,AU,1722730737
3,alofi,-19.0595,-169.9187,26.94,69,40,3.6,NU,1722731051
4,san patricio,28.017,-97.5169,33.08,55,26,6.67,US,1722731026
5,qaqortoq,60.7167,-46.0333,7.52,78,47,1.4,GL,1722730881
6,manokwari,-0.8667,134.0833,27.76,74,53,2.85,ID,1722731051
7,dolisie,-4.1997,12.6739,17.97,86,6,2.23,CG,1722731052
8,pisco,-13.7,-76.2167,17.03,82,20,4.63,PE,1722730830
9,aitape,-3.1374,142.3475,28.16,75,94,1.1,PG,1722731052
10,hithadhoo,-0.6,73.0833,27.51,77,92,2.41,MV,1722730723
11,tiksi,71.6872,128.8694,7.51,74,100,0.99,RU,1722730740
12,keflavik,64.0049,-22.5624,11.95,87,75,5.14,IS,1722730784
13,bethel,41.3712,-73.414,23.84,95,0,1.54,US,1722730696
14,college,64.8569,-147.8028,14.99,84,100,2.06,US,1722730841
15,yellowknife,62.456,-114.3525,21.34,48,75,3.09,CA,1722730861
16,olonkinbyen,70.9221,-8.7187,5.24,95,94,3.8,SJ,1722730804
17,tralee,52.2704,-9.7026,13.21,83,100,2.17,IE,1722731053
18,bilibino,68.0546,166.4372,8.56,65,100,0.99,RU,1722730708
19,margaret river,-33.95,115.0667,9.64,91,3,3.39,AU,1722730959
20,georgetown,5.4112,100.3354,26.96,74,20,1.03,MY,1722731004
21,adamstown,-25.066,-130.1015,21.02,74,43,6.73,PN,1722730741
22,anadyr,64.75,177.4833,9.28,87,100,8.94,RU,1722731035
23,grytviken,-54.2811,-36.5092,-5.13,91,100,3.75,GS,1722730735
24,odate,40.2686,140.5683,29.08,79,75,1.03,JP,1722731053
25,figuig (centre),32.1089,-1.2286,32.07,12,17,1.91,MA,1722731053
26,temnikov,54.6302,43.2148,16.22,84,98,2.27,RU,1722731054
27,edinburgh of the seven seas,-37.0676,-12.3116,12.33,80,97,15.13,SH,1722730752
28,hamilton,39.1834,-84.5333,28.47,71,20,4.63,US,1722730864
29,west island,-12.1568,96.8225,25.99,78,12,4.12,CC,1722730750
30,wau,7.7029,27.9953,22.91,89,63,1.54,SS,1722731054
31,waitangi,-43.9535,-176.5597,8.79,88,76,1.34,NZ,1722730688
32,carnarvon,-24.8667,113.6333,16.46,66,0,4.86,AU,1722730702
33,yuzhno-kurilsk,44.0306,145.8556,19.57,92,68,3.58,RU,1722731054
34,stanley,54.868,-1.6985,11.51,89,0,1.54,GB,1722730713
35,fort mcmurray,56.7268,-111.381,17.73,72,100,1.03,CA,1722731055
36,papatowai,-46.5619,169.4708,9.56,56,68,3.22,NZ,1722730844
37,puerto natales,-51.7236,-72.4875,1.6,99,100,1.26,CL,1722730698
38,toliara,-23.35,43.6667,16.88,83,0,4.18,MG,1722731055
39,lazaro cardenas,17.9583,-102.2,28.4,71,99,2.09,MX,1722730877
40,flying fish cove,-10.4217,105.6791,24.82,88,75,5.14,CX,1722730945
41,casas grandes,30.3667,-107.95,34.11,14,3,5.34,MX,1722731055
42,tharangambadi,11.0319,79.8528,26.3,75,100,4.31,IN,1722731056
43,ca mau,9.1769,105.15,26.32,87,97,1.4,VN,1722731056
44,bredasdorp,-34.5322,20.0403,7.67,92,89,3.47,ZA,1722730691
45,tura,25.5198,90.2201,23.7,97,99,2.13,IN,1722730792
46,puerto baquerizo moreno,-0.9,-89.6,19.3,78,76,4.63,EC,1722730779
47,tazovsky,67.4667,78.7,12.35,81,100,4.82,RU,1722730891
48,tillmans corner,30.5902,-88.1708,30.43,77,0,3.6,US,1722731056
49,ilulissat,69.2167,-51.1,11.01,50,28,0.0,GL,1722730971
50,kodiak,57.79,-152.4072,13.73,77,100,6.69,US,1722730838
51,albany,42.6001,-73.9662,24.77,72,68,3.45,US,1722730471
52,rongelap,11.1635,166.8941,28.38,76,9,2.47,MH,1722730807
53,pontes e lacerda,-15.2261,-59.3353,26.63,33,0,1.64,BR,1722730925
54,hobyo,5.3505,48.5268,24.39,87,82,10.7,SO,1722730790
55,christchurch,-43.5333,172.6333,8.84,76,94,1.03,NZ,1722730862
56,kavieng,-2.5744,150.7967,28.28,75,74,7.02,PG,1722731057
57,bakanas,44.8081,76.2772,26.08,29,10,3.52,KZ,1722731057
58,sofifi,0.7349,127.576,26.4,81,94,0.97,ID,1722731057
59,punta arenas,-53.15,-70.9167,2.06,75,100,5.14,CL,1722730913
60,ornskoldsvik,63.2909,18.7153,15.53,100,100,2.06,SE,1722731058
61,lebu,-37.6167,-73.65,9.19,93,98,3.67,CL,1722731039
62,lihue,21.9789,-159.3672,27.77,75,40,4.63,US,1722730488
63,ancud,-41.8697,-73.8203,8.32,91,100,5.11,CL,1722730765
64,port augusta,-32.5,137.7667,13.43,64,100,3.63,AU,1722731058
65,meadow lake,34.8014,-106.5436,34.71,30,27,14.91,US,1722731058
66,sakti,22.0333,82.9667,24.45,93,100,5.17,IN,1722731058
67,isafjordur,66.0755,-23.124,7.53,95,100,6.17,IS,1722730781
68,akureyri,65.6835,-18.0878,11.96,76,40,0.51,IS,1722731059
69,ust'-ilimsk,58.0006,102.6619,13.32,92,100,1.45,RU,1722731059
70,utrik,11.2278,169.8474,28.39,76,4,3.85,MH,1722730764
71,mandera,3.9366,41.867,25.58,62,100,7.71,KE,1722731059
72,invercargill,-46.4,168.35,8.9,74,71,1.79,NZ,1722730690
73,mount pearl,47.5166,-52.7813,19.19,80,40,8.75,CA,1722730720
74,prince rupert,54.3161,-130.3201,18.05,77,0,5.14,CA,1722730906
75,fort bragg,35.139,-79.006,23.91,90,75,4.12,US,1722731060
76,port mathurin,-19.6833,63.4167,21.81,72,40,4.0,MU,1722730754
77,baraut,29.1,77.2667,27.09,76,96,3.59,IN,1722731060
78,polyarnyy,69.1989,33.4478,9.1,93,19,2.82,RU,1722730998
79,radhanpur,23.8333,71.6,27.6,83,100,6.95,IN,1722731060
80,chui,-33.6971,-53.4616,12.51,88,99,3.75,UY,1722731060
81,luderitz,-26.6481,15.1594,13.13,93,68,4.28,NA,1722730996
82,cunha,-23.0744,-44.9597,15.84,61,0,1.02,BR,1722731061
83,crane,31.3974,-102.3501,29.27,41,51,15.12,US,1722731061
84,tukrah,32.5341,20.5791,26.12,80,0,1.22,LY,1722731061
85,mbandaka,0.0487,18.2603,22.46,77,83,1.88,CD,1722731061
86,boda,4.3189,17.4695,20.92,94,100,0.71,CF,1722731061
87,longyearbyen,78.2186,15.6401,9.91,100,75,3.6,SJ,1722730817
88,port alfred,-33.5906,26.891,19.14,33,82,4.39,ZA,1722730970
89,ust-nera,64.5667,143.2,14.92,47,48,3.16,RU,1722730872
90,castillos,-34.1667,-53.8333,10.94,91,94,3.44,UY,1722730878
91,vilyuysk,63.7553,121.6247,18.95,45,4,1.43,RU,1722731062
92,vuktyl,63.8567,57.3094,15.18,99,100,2.58,RU,1722731062
93,puerto ayora,-0.7393,-90.3518,19.75,90,93,1.34,EC,1722730831
94,torzhok,57.0436,34.9622,12.29,97,21,1.76,RU,1722731062
95,hermanus,-34.4187,19.2345,11.98,81,81,10.09,ZA,1722730710
96,vila franca do campo,37.7167,-25.4333,22.23,84,54,0.98,PT,1722731063
97,mantua,45.1667,10.7833,24.58,90,15,2.64,IT,1722731063
98,ixtapa,20.7,-105.2,27.9,94,100,2.06,MX,1722731048
99,santa ana,33.7456,-117.8678,39.03,34,0,5.14,US,1722730301
100,bima,-8.4667,118.7167,25.72,76,74,1.63,ID,1722731063
101,ryotsu-minato,38.0833,138.4333,29.37,69,3,0.1,JP,1722731064
102,bahadurganj,26.2667,87.8167,24.82,96,100,5.3,IN,1722731064
103,ushuaia,-54.8,-68.3,-1.19,64,100,4.63,AR,1722730853
104,union city,37.5958,-122.0192,35.19,45,0,6.69,US,1722731064
105,avarua,-21.2078,-159.775,24.03,53,100,3.6,CK,1722730794
106,iqaluit,63.7506,-68.5145,4.85,80,40,8.75,CA,1722730768
107,antsiranana,-12.2787,49.2917,20.83,61,26,6.04,MG,1722731064
108,zouerate,22.7187,-12.4521,35.71,28,59,4.55,MR,1722731065
109,sterling,39.0062,-77.4286,23.89,98,75,4.12,US,1722731065
110,howard springs,-12.497,131.047,25.95,89,100,4.34,AU,1722731065
111,boca do acre,-8.7522,-67.3978,28.3,52,73,1.4,BR,1722731065
112,thompson,55.7435,-97.8558,20.94,27,30,4.14,CA,1722730812
113,sitka,57.0531,-135.33,17.94,63,40,6.17,US,1722730877
114,lerwick,60.1545,-1.1494,11.0,87,4,3.41,GB,1722730849
115,jamestown,42.097,-79.2353,23.8,80,0,1.54,US,1722730703
116,minas de marcona,-15.2119,-75.1103,10.97,87,20,6.66,PE,1722730793
117,geraldton,-28.7667,114.6,9.23,81,0,5.66,AU,1722731066
118,bethanie,-26.4833,17.15,14.91,21,45,5.72,NA,1722731066
119,kralendijk,12.15,-68.2667,28.99,79,20,6.69,BQ,1722731066
120,murzuq,25.9155,13.9184,29.31,18,0,3.76,LY,1722730817
121,island harbour,50.724,-1.2758,14.96,79,90,0.89,GB,1722730865
122,la passe,45.5549,-0.8967,17.13,85,39,2.92,FR,1722730909
123,badger,64.8,-147.5333,13.93,83,100,0.0,US,1722731067
124,iskateley,67.6803,53.1512,8.21,84,83,7.43,RU,1722730744
125,okha,53.5739,142.9478,16.75,54,12,1.84,RU,1722731067
126,mandal,25.45,74.5667,25.16,87,100,1.46,IN,1722731067
127,prado,-17.3411,-39.2208,22.56,87,9,5.05,BR,1722731067
128,muisne,0.6,-80.0333,23.97,86,96,4.26,EC,1722731067
129,jhang sadr,31.2715,72.3284,31.56,66,32,4.17,PK,1722731068
130,kone,-21.0595,164.8658,22.11,42,2,4.9,NC,1722730697
131,dhulikhel,27.6189,85.5529,19.75,96,99,0.35,NP,1722731068
132,zaozersk,69.4005,32.4476,8.37,96,70,2.9,RU,1722731068
133,malango,-2.9627,119.9001,21.29,80,89,0.89,ID,1722730991
134,kerikeri,-35.2268,173.9474,14.39,81,100,4.02,NZ,1722731068
135,sakaiminato,35.55,133.2333,30.99,84,40,2.57,JP,1722731068
136,dunedin,-45.8742,170.5036,8.75,58,82,2.35,NZ,1722730782
137,fortuna,40.5982,-124.1573,16.19,94,100,3.09,US,1722731069
138,peniche,39.3558,-9.3811,20.11,93,0,6.46,PT,1722731069
139,morar,26.2261,78.2261,27.2,82,78,4.46,IN,1722731069
140,borogontsy,62.6683,131.1683,18.69,41,18,1.79,RU,1722731069
141,kendari,-3.945,122.4989,25.27,79,100,1.07,ID,1722731069
142,muravlenko,63.7898,74.523,17.27,87,71,2.44,RU,1722731070
143,anna regina,7.2644,-58.5077,26.96,80,22,2.72,GY,1722731070
144,saint-philippe,-21.3585,55.7679,18.77,75,10,2.01,RE,1722731070
145,jasper,37.2001,-94.3502,32.69,51,85,4.49,US,1722731070
146,enewetak,11.3474,162.3373,28.39,75,92,1.35,MH,1722730944
147,vorgashor,67.5833,63.95,10.69,72,94,7.04,RU,1722730969
148,saquarema,-22.92,-42.5103,21.11,86,1,8.21,BR,1722731070
149,namibe,-15.1961,12.1522,16.76,77,0,3.95,AO,1722731071
150,harper,4.375,-7.7169,23.93,83,100,3.28,LR,1722731071
151,khromtau,50.2503,58.4347,17.39,52,64,4.14,KZ,1722731071
152,weno,7.4515,151.8468,29.97,84,100,2.57,FM,1722731071
153,arraial do cabo,-22.9661,-42.0278,22.32,83,0,11.53,BR,1722730894
154,el calafate,-50.3408,-72.2768,1.39,93,100,0.35,AR,1722731071
155,whitehorse,60.7161,-135.0538,18.43,46,75,3.6,CA,1722730567
156,waitara,-38.925,174.25,14.72,59,92,0.6,NZ,1722731072
157,presidente medici,-11.1753,-61.9014,30.09,33,28,1.41,BR,1722731072
158,kingston,17.997,-76.7936,30.53,74,20,5.66,JM,1722730731
159,klyuchi,52.2667,79.1667,18.54,82,19,3.4,RU,1722730685
160,illizi,26.4833,8.4667,28.89,13,0,2.75,DZ,1722731072
161,bodo,67.28,14.405,18.21,71,75,6.17,NO,1722731072
162,vilyuchinsk,52.9306,158.4028,21.15,66,97,0.81,RU,1722730828
163,taro,-8.3862,115.28,22.0,93,69,0.94,ID,1722730983
164,penzance,50.1186,-5.5371,14.38,73,96,4.01,GB,1722731073
165,ebaye,8.7748,167.7392,30.01,74,0,1.54,MH,1722731073
166,champerico,14.3,-91.9167,25.3,79,91,3.93,GT,1722731073
167,costa rica,-23.4167,-54.65,27.13,28,29,2.61,BR,1722731073
168,greenville,35.6127,-77.3663,28.09,78,100,4.63,US,1722731074
169,hugo,45.16,-92.9933,28.7,58,85,1.34,US,1722731074
170,nasir,15.5894,32.5634,30.19,55,54,5.18,SD,1722731074
171,mana,5.6592,-53.7767,25.99,87,81,3.28,GF,1722731074
172,port macquarie,-31.4333,152.9167,16.61,64,86,0.45,AU,1722731029
173,scottburgh,-30.2867,30.7532,16.0,64,43,3.38,ZA,1722731074
174,atafu village,-8.5421,-172.5159,28.06,77,45,6.32,TK,1722730855
175,haiku-pauwela,20.9219,-156.3051,27.92,75,40,11.32,US,1722731014
176,hereford,52.0568,-2.7148,12.89,87,100,1.69,GB,1722731075
177,port elizabeth,-33.918,25.5701,20.16,21,0,2.57,ZA,1722730689
178,acapulco de juarez,16.8634,-99.8901,29.9,66,100,2.06,MX,1722730875
179,la asuncion,11.0333,-63.8628,28.85,79,86,6.17,VE,1722731006
180,sainte-marie,-20.8968,55.5496,19.09,82,75,0.51,RE,1722731075
181,cabo san lucas,22.8909,-109.9124,35.61,48,20,8.75,MX,1722730935
182,palmer,42.1584,-72.3287,25.75,78,100,0.0,US,1722731076
183,boden,65.8252,21.6886,17.0,95,95,1.44,SE,1722731076
184,udachny,66.4167,112.4,18.95,49,41,3.29,RU,1722730712
185,la foa,-21.7108,165.8276,20.92,51,10,5.75,NC,1722731076
186,roha,18.4333,73.1167,24.92,90,100,4.75,IN,1722731076
187,wailua homesteads,22.0669,-159.378,27.44,74,40,4.63,US,1722730809
188,ankazoabo,-22.2833,44.5167,14.42,66,0,3.34,MG,1722731076
189,padangsidempuan,1.3667,99.2667,21.49,97,100,0.97,ID,1722731077
190,siwa oasis,29.2041,25.5195,28.53,45,0,2.65,EG,1722731077
191,lijiang,26.8688,100.2207,16.15,97,100,0.85,CN,1722731077
192,greenwood,34.1668,-82.1165,26.2,40,0,4.63,US,1722731077
193,dzerzhinskoye,56.8344,95.2283,14.35,80,0,1.82,RU,1722731077
194,villa gesell,-37.2639,-56.973,12.23,64,38,7.12,AR,1722730803
195,livingstonia,-10.606,34.1063,14.23,64,7,1.24,MW,1722731078
196,ribeira grande,38.5167,-28.7,22.1,88,2,1.79,PT,1722730949
197,skovorodino,53.9833,123.9167,17.65,55,100,4.76,RU,1722731078
198,klintsy,52.7602,32.2393,14.81,95,100,2.88,RU,1722731078
199,salalah,17.0151,54.0924,25.05,94,75,1.54,OM,1722731078
200,shalqar,47.8333,59.6,21.85,45,8,3.49,KZ,1722731078
201,tommot,58.9564,126.2925,16.69,75,88,1.73,RU,1722730734
202,susuman,62.7833,148.1667,13.57,43,8,1.76,RU,1722731079
203,batangafo,7.3008,18.2833,20.98,99,100,0.39,CF,1722731079
204,birsk,55.4211,55.5428,12.54,94,31,2.84,RU,1722731079
205,huarmey,-10.0681,-78.1522,17.54,83,25,3.42,PE,1722731079
206,afaahiti,-17.75,-149.2833,25.93,73,80,5.6,PF,1722730755
207,san miguel zapotitlan,25.9333,-109.05,33.93,41,4,5.34,MX,1722731079
208,maisi,43.0395,41.2621,15.77,73,0,2.72,GE,1722731080
209,buala,-8.145,159.5921,27.84,78,100,3.01,SB,1722731080
210,lubango,-14.9172,13.4925,13.92,62,0,3.09,AO,1722731080
211,touros,-5.1989,-35.4608,23.41,79,1,6.51,BR,1722730937
212,jijiang,29.2906,106.2542,30.27,81,99,0.86,CN,1722731080
213,cozumel,20.5083,-86.9458,27.04,89,75,3.09,MX,1722731080
214,talnakh,69.4865,88.3972,14.49,63,71,3.15,RU,1722730695
215,valparaiso,-33.0393,-71.6273,13.33,68,0,3.09,CL,1722731081
216,coahuayana de hidalgo,18.7,-103.6583,27.87,80,100,1.64,MX,1722730789
217,uturoa,-16.7333,-151.4333,24.84,68,76,6.27,PF,1722730774
218,qusmuryn,52.4503,64.6311,17.0,70,65,3.37,KZ,1722731081
219,praia da vitoria,38.7333,-27.0667,23.2,83,0,1.62,PT,1722731081
220,medicine hat,50.0501,-110.6683,31.55,29,75,4.12,CA,1722731082
221,dongola,19.1667,30.4833,28.56,64,72,7.3,SD,1722731082
222,saipan,15.1355,145.701,30.39,74,75,6.17,MP,1722730778
223,ravar,31.2656,56.8055,29.85,17,85,0.78,IR,1722731082
224,cannonvale,-20.2833,148.7,21.99,74,69,6.67,AU,1722731082
225,taytay,14.5678,121.1394,30.02,76,20,1.54,PH,1722731082
226,kapa'a,22.0752,-159.319,28.18,70,40,4.63,US,1722730840
227,katsuura,35.1333,140.3,26.61,77,17,2.04,JP,1722731083
228,tara,56.8944,74.371,14.61,94,100,2.26,RU,1722731083
229,sinabang,2.4803,96.3801,25.27,86,100,2.84,ID,1722730722
230,paracuru,-3.41,-39.0306,26.73,82,10,6.27,BR,1722731083
231,dzhangala,49.2167,50.3333,22.16,38,2,3.26,KZ,1722730848
232,kapuskasing,49.4169,-82.4331,23.05,53,20,3.6,CA,1722731083
233,la libertad,-2.2333,-80.9,21.7,86,100,5.37,EC,1722731084
234,dudinka,69.4058,86.1778,12.27,65,50,6.12,RU,1722731054
235,capitao poco,-1.7464,-47.0594,23.21,87,6,2.87,BR,1722731084
236,smithers,54.7804,-127.1743,29.18,15,0,4.12,CA,1722730805
237,ust'-barguzin,53.45,108.9833,15.63,83,39,0.65,RU,1722731084
238,hasaki,35.7333,140.8333,31.27,72,71,1.74,JP,1722731000
239,ulladulla,-35.35,150.4667,13.55,59,100,2.12,AU,1722731084
240,fale old settlement,-9.3852,-171.2468,27.7,79,63,5.95,TK,1722731027
241,huautla de jimenez,18.1315,-96.8409,17.98,92,42,1.95,MX,1722731085
242,port douglas,-16.4833,145.4667,22.85,71,41,7.37,AU,1722730874
243,shohimardon,39.9839,71.8028,18.43,48,2,0.75,UZ,1722731085
244,lorengau,-2.0226,147.2712,27.54,83,85,5.17,PG,1722731085
245,tashtyp,52.7939,89.8983,17.59,96,97,2.07,RU,1722731086
246,stephenville,32.2207,-98.2023,36.25,30,0,2.57,US,1722731086
247,pechora,65.1472,57.2244,16.11,89,88,5.61,RU,1722731086
248,suez,29.9737,32.5263,25.37,80,0,3.99,EG,1722731086
249,luziania,-16.2525,-47.9503,20.83,45,0,1.65,BR,1722731086
250,remire-montjoly,4.9167,-52.2667,25.02,94,0,1.03,GF,1722731001
251,anse la raye,13.9333,-61.0333,28.8,80,20,4.12,LC,1722731087
252,hawaiian paradise park,19.5933,-154.9731,26.52,88,100,2.06,US,1722730748
253,ghormach,35.7306,63.7826,25.88,21,0,3.22,AF,1722731087
254,algona,43.07,-94.233,31.2,75,0,3.09,US,1722731087
255,gadzhiyevo,69.2551,33.3362,9.11,94,26,3.09,RU,1722731065
256,lobujya,27.95,86.8167,1.62,95,100,0.47,NP,1722731087
257,morondava,-20.2833,44.2833,18.89,69,0,3.08,MG,1722731087
258,taoudenni,22.6783,-3.9836,35.23,32,70,4.77,ML,1722731088
259,daru,-9.0763,143.2092,24.11,83,100,8.18,PG,1722731088
260,muscat,23.6139,58.5922,31.01,79,100,2.52,OM,1722731088
261,gweru,-19.45,29.8167,12.43,27,20,2.52,ZW,1722731088
262,sovetskaya gavan',48.9723,140.2878,15.4,77,99,0.88,RU,1722731013
263,vila velha,-20.3297,-40.2925,21.08,97,100,0.89,BR,1722731088
264,ouani,-12.1322,44.4258,23.76,69,24,2.42,KM,1722731089
265,mersa matruh,31.3525,27.2453,25.87,80,0,3.93,EG,1722731089
266,hammerfest,70.6634,23.6821,15.25,72,21,1.54,NO,1722731089
267,howrah,22.5892,88.3103,28.0,94,75,0.0,IN,1722730725
268,pinotepa nacional,16.3167,-98.0167,24.15,94,86,1.56,MX,1722731089
269,northam,51.0333,-4.2167,13.67,92,100,3.05,GB,1722731090
270,uberlandia,-18.9186,-48.2772,21.56,49,20,2.06,BR,1722731090
271,quirihue,-36.2833,-72.5333,6.88,87,96,0.2,CL,1722731090
272,fengxian,34.7039,116.5872,29.87,85,6,3.64,CN,1722730888
273,nova vicosa,-17.8919,-39.3719,22.13,88,5,4.33,BR,1722731090
274,ketchikan,55.3422,-131.6461,22.26,49,0,5.14,US,1722731090
275,carbondale,37.7273,-89.2168,31.0,61,0,1.54,US,1722731091
276,ascension,30.2169,-90.9001,28.48,78,0,0.0,US,1722731091
277,costesti,44.6667,24.8833,21.1,52,0,2.68,RO,1722731091
278,vernon,50.2581,-119.2691,39.61,16,3,1.54,CA,1722731091
279,santo antonio do ica,-3.1022,-67.9397,24.83,85,52,1.23,BR,1722730842
280,raduzhnyy,62.0961,77.475,17.22,91,95,1.59,RU,1722731091
281,dryden,49.7833,-92.7503,21.16,64,40,1.54,CA,1722731092
282,tadine,-21.55,167.8833,21.62,50,3,6.66,NC,1722731092
283,moapa valley,36.5805,-114.4703,42.72,14,6,2.21,US,1722731086
284,mil'kovo,55.6078,37.7956,16.3,87,74,2.34,RU,1722730823
285,puerto leguizamo,-0.1934,-74.7819,26.55,72,93,1.0,CO,1722731092
286,lesogorsk,56.0458,99.5136,14.42,85,2,1.48,RU,1722731092
287,paea,-17.6833,-149.5833,26.84,65,100,7.72,PF,1722731093
288,recani,31.2846,-4.2688,33.26,8,3,1.99,MA,1722731093
289,axim,4.8699,-2.2405,22.96,92,47,2.29,GH,1722731093
290,wang saphung,17.301,101.7685,25.01,100,75,1.54,TH,1722731093
291,codrington,-38.2667,141.9667,8.95,75,81,4.18,AU,1722731093
292,isangel,-19.55,169.2667,22.62,59,0,5.63,VU,1722731093
293,calvinia,-31.4707,19.776,6.39,67,49,4.67,ZA,1722731094
294,necochea,-38.5473,-58.7368,13.19,36,32,6.99,AR,1722731094
295,candelaria,13.9311,121.4233,27.14,88,100,1.69,PH,1722731094
296,thaba-tseka,-29.522,28.6084,7.3,35,21,4.26,LS,1722731094
297,undurkhaan,47.3194,110.6556,17.55,69,2,3.87,MN,1722731094
298,nar'yan-mar,67.6713,53.087,8.19,85,85,7.44,RU,1722731064
299,broken hill,-31.95,141.4333,13.33,38,100,3.69,AU,1722731005
300,kourou,5.1552,-52.6478,25.03,89,71,2.98,GF,1722731095
301,midvagur,62.0511,-7.1939,11.46,93,100,3.6,FO,1722731095
302,colonia,50.9333,6.95,19.47,84,40,2.57,DE,1722730884
303,souillac,-20.5167,57.5167,19.21,77,40,2.06,MU,1722731095
304,nouadhibou,20.931,-17.0347,23.99,88,4,1.54,MR,1722731095
305,kuressaare,58.2481,22.5039,16.08,94,20,1.54,EE,1722731095
306,chonchi,-42.6128,-73.8092,7.84,96,100,1.83,CL,1722731033
307,gonabad,34.3529,58.6837,27.16,19,0,7.67,IR,1722731096
308,trat,12.5,102.5,26.62,93,100,0.66,TH,1722731096
309,taltal,-25.4,-70.4833,15.32,74,56,1.23,CL,1722731047
310,constantia,44.1833,28.65,21.5,61,61,6.5,RO,1722730845
311,la'ie,21.6477,-157.9253,29.98,74,52,3.13,US,1722730704
312,yasnyy,51.0333,59.8742,16.07,73,72,3.25,RU,1722731096
313,bathsheba,13.2167,-59.5167,29.34,79,40,8.23,BB,1722731096
314,iquitos,-3.7481,-73.2472,27.02,78,20,0.0,PE,1722731097
315,carutapera,-1.195,-46.02,25.55,76,8,3.57,BR,1722731097
316,barabai,-2.5833,115.3833,25.49,75,39,0.45,ID,1722731097
317,mount gambier,-37.8333,140.7667,9.13,72,100,2.17,AU,1722730918
318,dawesville,30.9224,-84.0091,29.09,71,0,2.68,US,1722731097
319,sandnessjoen,66.0217,12.6316,17.29,80,11,6.15,NO,1722731098
320,san borja,-14.8167,-66.85,27.28,47,25,1.63,BO,1722731098
321,hozat,39.1083,39.2213,18.61,26,0,2.05,TR,1722731098
322,slyudyanka,51.6594,103.7061,18.96,70,41,0.99,RU,1722731098
323,san antonio de pale,-1.4014,5.6325,21.95,79,84,5.82,GQ,1722731098
324,kirensk,57.7853,108.1119,15.83,83,74,0.71,RU,1722731098
325,moyynkum,44.2914,72.9469,25.51,29,0,0.44,KZ,1722731099
326,guangshui,31.6199,113.9978,29.47,74,2,4.64,CN,1722731099
327,viedma,-40.8135,-62.9967,11.7,32,65,5.72,AR,1722731099
328,rikaze,29.25,88.8833,15.45,47,93,1.53,CN,1722731099
329,nemuro,43.3236,145.575,18.31,92,73,4.92,JP,1722730887
330,vadso,70.0744,29.7487,10.49,87,100,4.12,NO,1722731073
331,acarau,-2.8856,-40.12,25.41,82,31,8.26,BR,1722730692
332,nova xavantina,-14.6667,-52.35,24.64,35,0,1.28,BR,1722731100
333,hastings,50.8552,0.5729,16.61,76,86,5.28,GB,1722730721
334,blagoveshchenka,52.8333,79.8667,17.32,89,61,4.93,RU,1722731100
335,kolondieba,11.0882,-6.8926,22.54,95,77,1.8,ML,1722731100
336,el tarf,36.7672,8.3138,24.87,91,0,1.44,DZ,1722731100
337,belek,36.8628,31.0556,27.28,80,0,1.68,TR,1722731100
338,iquique,-20.2208,-70.1431,16.02,84,29,0.93,CL,1722731101
339,posto fiscal rolim de moura,-13.0833,-62.2667,30.55,31,48,0.62,BR,1722731101
340,farroupilha,-29.225,-51.3478,19.92,82,18,2.53,BR,1722731101
341,freetown,8.484,-13.2299,24.41,91,100,4.76,SL,1722731049
342,niquero,20.0431,-77.5828,28.31,78,26,5.89,CU,1722731101
343,nagqu,31.5,92.0,3.54,86,7,1.06,CN,1722731102
344,dwarka,22.2394,68.9678,27.66,87,93,9.46,IN,1722731102
345,el hamma,33.8915,9.7963,28.58,65,2,8.1,TN,1722731102
346,juneau,58.3019,-134.4197,19.0,82,75,5.14,US,1722731102
347,sanming,26.2486,117.6186,28.76,83,47,0.18,CN,1722731103
348,luau,-10.7073,22.2247,17.88,30,7,1.83,AO,1722731103
349,lushun,38.8,121.2667,29.12,93,33,3.36,CN,1722731103
350,sihanoukville,10.6093,103.5296,25.97,89,40,2.06,KH,1722731103
351,lompoc,34.6391,-120.4579,30.38,72,0,5.66,US,1722731087
352,hovd,48.0056,91.6419,20.09,40,8,3.75,MN,1722731104
353,goris,41.9842,44.1158,18.93,83,100,1.61,GE,1722731104
354,floro,61.5996,5.0328,15.04,88,100,7.2,NO,1722731104
355,portland,45.5234,-122.6762,30.84,34,75,4.63,US,1722730940
356,podporozh'ye,60.9112,34.1706,13.16,97,10,1.35,RU,1722731104
357,sao raimundo nonato,-9.0153,-42.6994,23.03,41,0,1.24,BR,1722731104
358,kununurra,-15.7667,128.7333,24.99,53,8,0.51,AU,1722730964
359,alotau,-10.3069,150.4462,23.67,87,100,2.9,PG,1722730960
360,tughyl,47.7252,84.2063,20.87,61,1,5.96,KZ,1722731105
361,colchani,-20.3,-66.9333,3.85,19,0,1.57,BO,1722731105
362,klaksvik,62.2266,-6.589,11.51,94,7,5.6,FO,1722731105
363,cosne-cours-sur-loire,47.3333,3.1667,15.51,89,48,1.28,FR,1722731105
364,pemba,-12.974,40.5178,22.6,79,22,4.85,MZ,1722731106
365,egilsstadir,65.2653,-14.3948,7.95,93,75,3.6,IS,1722731106
366,tofol,5.3248,163.0078,28.87,73,70,4.25,FM,1722730986
367,rakops,-21.0167,24.3333,18.91,21,2,4.51,BW,1722731106
368,likasi,-10.9814,26.7333,14.8,35,36,1.92,CD,1722731106
369,urangan,-25.3,152.9,18.24,62,43,3.19,AU,1722731106
370,chegdomyn,51.1167,133.0167,23.12,40,80,0.4,RU,1722731107
371,lenino,45.2986,35.7771,22.27,65,5,2.05,UA,1722731107
372,mogoytuy,51.2833,114.9167,18.2,86,100,1.92,RU,1722731107
373,barra de santo antonio,-9.4047,-35.5072,21.6,84,39,6.7,BR,1722731107
374,qarqaraly,49.4058,75.4742,15.25,61,48,1.97,KZ,1722731107
375,itacarambi,-15.1022,-44.0919,24.7,45,47,3.12,BR,1722731107
376,karratha,-20.7377,116.8463,19.37,69,0,6.6,AU,1722731108
377,zhongxiang,31.1661,112.5831,28.59,78,7,5.14,CN,1722731108
378,humaita,-7.5061,-63.0208,30.18,42,89,1.49,BR,1722731108
379,lame,10.4415,9.2396,20.6,91,94,2.56,NG,1722731108
380,recreo,-29.2818,-65.061,18.05,15,26,4.4,AR,1722731108
381,salekhard,66.53,66.6019,12.01,88,100,9.86,RU,1722731109
382,forster,-32.1667,152.5167,15.77,68,89,1.07,AU,1722731109
383,churapcha,62.0025,132.4325,17.86,46,26,2.33,RU,1722731109
384,grande prairie,55.1667,-118.8027,27.1,18,20,5.14,CA,1722731109
385,bogo,11.0517,124.0055,28.29,75,100,1.71,PH,1722731109
386,moama,-36.1167,144.7833,7.77,92,100,2.06,AU,1722731109
387,port lincoln,-34.7333,135.8667,12.08,71,100,4.18,AU,1722730869
388,syumsi,57.1111,51.6149,13.07,99,30,1.94,RU,1722731110
389,chernyshevskiy,63.0128,112.4714,16.69,47,46,1.83,RU,1722731110
390,tal'menka,53.8183,83.5677,17.39,96,93,4.28,RU,1722731110
391,kolonia town,6.964,158.206,33.0,62,75,2.57,FM,1722731110
392,camana,-16.6228,-72.7111,15.18,90,17,3.62,PE,1722731110
393,waddan,29.1614,16.139,28.6,26,0,3.24,LY,1722731111
394,verkhnevilyuysk,63.4453,120.3167,18.54,45,28,1.14,RU,1722731111
395,westport,41.1415,-73.3579,24.25,93,0,2.68,US,1722731111
396,sisimiut,66.9395,-53.6735,6.76,83,7,3.21,GL,1722730903
397,east london,-33.0153,27.9116,19.32,29,43,5.22,ZA,1722731111
398,kencong,-8.2833,113.3667,24.41,81,40,0.95,ID,1722731111
399,salym,60.0625,71.4789,15.34,89,100,1.57,RU,1722731112
400,kayangel,8.0823,134.7173,28.96,75,99,6.3,PW,1722731106
401,subaykhan,34.8544,40.6083,28.96,38,0,7.08,SY,1722731112
402,mili,6.0815,171.735,28.57,75,35,4.56,MH,1722731112
403,severoural'sk,60.1533,59.952,12.25,96,54,0.56,RU,1722731112
404,guerrero negro,27.9769,-114.0611,24.28,62,82,7.09,MX,1722730882
405,al kharj,24.155,47.3346,34.32,16,100,2.9,SA,1722731113
406,kuqa,41.7278,82.9364,28.54,28,55,2.41,CN,1722731113
407,khorugh,37.4897,71.553,14.27,48,2,1.48,TJ,1722731113
408,al ain city,24.1917,55.7606,30.79,79,92,1.54,AE,1722731113
409,nova sintra,14.8667,-24.7167,26.5,77,83,2.12,CV,1722730919
410,lensk,60.7253,114.9278,18.55,53,28,4.69,RU,1722731114
411,chickasha,35.0526,-97.9364,34.51,27,0,4.12,US,1722731114
412,warrensburg,38.7628,-93.7361,31.94,45,0,2.57,US,1722731114
413,petrozavodsk,61.7849,34.3469,15.7,94,54,3.0,RU,1722731114
414,mhango,-3.2833,32.85,19.82,43,16,4.05,TZ,1722731114
415,kailua-kona,19.6406,-155.9956,30.15,75,0,6.69,US,1722730837
416,saldanha,-33.0117,17.9442,13.03,86,98,8.15,ZA,1722731115
417,santa terezinha,-29.9002,-50.0904,18.82,81,30,3.72,BR,1722731115
418,kamaishi,39.2667,141.8833,28.39,71,1,2.07,JP,1722730852
419,santana,-0.0583,-51.1817,29.1,79,40,3.6,BR,1722731115
420,menaka,15.9182,2.4022,27.08,72,82,5.93,ML,1722731115
421,masterton,-40.9597,175.6575,8.7,74,50,0.36,NZ,1722731115
422,happy valley-goose bay,53.3168,-60.3315,19.17,77,75,4.63,CA,1722730814
423,guatrache,-37.6678,-63.5302,10.54,40,10,2.85,AR,1722731116
424,katrineholm,58.9959,16.2072,14.94,76,100,1.74,SE,1722731116
425,preobrazheniye,42.9019,133.9064,19.15,81,100,4.45,RU,1722731116
426,esmeraldas,-19.7625,-44.3139,21.17,61,81,3.5,BR,1722731116
427,barcelos,41.5388,-8.6151,22.14,74,0,1.01,PT,1722731116
428,kiruna,67.8557,20.2251,13.51,82,100,1.03,SE,1722730893
429,beau vallon,-20.4189,57.6953,19.13,77,40,2.06,MU,1722731117
430,bubaque,11.2833,-15.8333,25.98,88,100,8.23,GW,1722731117
431,fuglafjordur,62.244,-6.814,11.26,94,9,4.2,FO,1722731117
432,quarai,-30.3875,-56.4514,16.72,92,98,6.36,BR,1722731117
433,lubuklinggau,-3.3,102.8667,22.23,94,9,0.79,ID,1722731117
434,galveston,29.3669,-94.9669,34.06,74,0,5.14,US,1722731117
435,goundam,16.4145,-3.6708,28.54,66,59,5.24,ML,1722731118
436,hinton,53.4001,-117.5857,25.95,35,40,3.21,CA,1722731118
437,piton saint-leu,-21.2196,55.3151,17.06,59,0,3.6,RE,1722731118
438,peace river,56.2501,-117.286,24.17,49,0,3.6,CA,1722730746
439,lander,42.833,-108.7307,36.73,13,0,4.63,US,1722730943
440,sann,26.0418,68.1378,26.06,94,100,2.33,PK,1722731118
441,dalnegorsk,44.5604,135.5701,16.87,87,100,1.63,RU,1722731119
442,sao miguel,-5.4667,-35.3667,24.43,78,0,6.9,BR,1722731119
443,kindu,-2.95,25.95,22.59,44,30,0.9,CD,1722731119
444,rawson,-43.3002,-65.1023,10.89,41,6,8.68,AR,1722731119
445,chul'man,56.8479,124.9104,17.45,61,95,2.34,RU,1722731119
446,lamu,-2.2717,40.902,23.87,81,33,6.43,KE,1722731120
447,coronel suarez,-37.4547,-61.9334,9.33,42,2,3.42,AR,1722731120
448,kargasok,59.0556,80.8572,17.72,96,85,4.05,RU,1722731120
449,mariehamn,60.0973,19.9348,17.12,100,100,0.51,AX,1722731120
450,tahe,52.3333,124.7333,17.28,83,100,2.0,CN,1722731120
451,hotan,37.0997,79.9269,27.19,31,25,3.29,CN,1722730783
452,esikhaleni,-28.871,31.8996,18.55,84,5,6.55,ZA,1722731121
453,bukoba,-1.3317,31.8122,21.48,70,33,3.2,TZ,1722731121
454,qarazhal,48.0078,70.7903,21.84,34,6,4.58,KZ,1722731121
455,ghat,24.9647,10.1728,30.09,11,8,1.21,LY,1722731121
456,kingsville,27.5159,-97.8561,34.23,57,0,4.63,US,1722731122
457,murun-kuren,49.6342,100.1625,17.26,60,1,1.06,MN,1722731122
458,indre arna,60.4247,5.4764,14.25,99,100,2.2,NO,1722731122
459,tubarjal,30.4999,38.216,25.88,42,2,4.53,SA,1722731122
460,tartagal,-22.5164,-63.8013,23.56,40,0,4.27,AR,1722731122
461,alice springs,-23.7,133.8833,14.75,41,75,3.6,AU,1722731122
462,tucuma,-0.1833,-50.05,25.87,83,12,3.33,BR,1722731123
463,tymovskoye,50.8456,142.655,18.93,43,99,0.31,RU,1722731123
464,dhidhdhoo,6.8833,73.1,28.14,75,84,6.83,MV,1722731123
465,mirny,62.5353,113.9611,16.06,51,98,2.66,RU,1722731123
466,mawu,34.4307,104.9176,16.66,72,3,0.52,CN,1722731123
467,pandan,14.0453,124.1694,29.0,76,99,1.89,PH,1722731053
468,tsiombe,-25.3,45.4833,16.3,91,0,1.02,MG,1722731124
469,nishinoomote,30.7333,131.0,31.31,79,20,2.57,JP,1722731124
470,pontianak,-0.0333,109.3333,24.99,100,40,1.03,ID,1722731124
471,laojunmiao,39.8333,97.7333,23.0,19,68,1.8,CN,1722731124
472,marataizes,-21.0433,-40.8244,22.81,81,69,6.02,BR,1722731124
473,hilo,19.7297,-155.09,26.64,91,100,1.54,US,1722731125
474,el alto,-4.2714,-81.2147,16.95,86,34,6.69,PE,1722731125
475,north ward,-19.2454,146.8075,22.95,56,66,7.72,AU,1722731125
476,hami,42.8,93.45,28.32,21,31,5.38,CN,1722730730
477,wagar,16.1525,36.2032,28.76,64,89,4.06,SD,1722731125
478,coquimbo,-29.9533,-71.3436,12.21,76,0,1.03,CL,1722730980
479,havre,49.5833,0.3333,15.87,88,75,6.17,FR,1722731126
480,kidal,18.4411,1.4078,29.44,49,54,6.7,ML,1722731126
481,pavlodar,52.3,76.95,13.89,100,4,2.0,KZ,1722731126
482,kismayo,-0.3582,42.5454,24.33,80,72,6.74,SO,1722730866
483,ambodifotatra,-16.9833,49.85,20.47,73,30,3.85,MG,1722730958
484,burnie,-41.0667,145.9167,10.25,94,51,4.49,AU,1722731126
485,khovd,48.0056,91.6419,20.09,40,8,3.75,MN,1722731126
486,yen bai,21.7,104.8667,25.07,97,97,0.58,VN,1722731127
487,chaumont,48.1167,5.1333,16.87,87,100,1.32,FR,1722731127
488,corner brook,48.9667,-57.9484,21.09,93,100,1.8,CA,1722731127
489,kirakira,-10.4544,161.9205,28.36,76,48,4.92,SB,1722731127
490,lewiston orchards,46.3804,-116.9754,35.39,24,100,4.52,US,1722731127
491,petropavlovsk-kamchatsky,53.0452,158.6483,20.33,40,0,2.0,RU,1722731128
492,arteche,12.2645,125.4048,26.79,92,80,1.95,PH,1722731128
493,dalhart,36.0595,-102.5133,21.01,83,100,13.89,US,1722731128
494,nema,57.5067,50.5011,13.59,96,91,2.36,RU,1722731128
495,balykshi,47.0667,51.8667,20.0,77,0,2.0,KZ,1722731128
496,la ronge,55.1001,-105.2842,21.14,46,100,2.57,CA,1722731128
497,mount pleasant,32.7941,-79.8626,29.55,84,40,4.12,US,1722731129
498,krasnoufimsk,56.6059,57.7669,11.82,97,49,2.19,RU,1722731129
499,al ghayzah,16.2079,52.176,25.93,82,88,3.11,YE,1722731129
500,piacabucu,-10.4056,-36.4344,23.94,74,38,5.27,BR,1722731129
501,beloyarskiy,63.7119,66.6722,14.98,97,31,1.45,RU,1722730999
502,batouri,4.4333,14.3667,20.61,96,100,1.0,CM,1722731130
503,kabalo,-6.05,26.9167,24.12,36,68,1.56,CD,1722731130
504,houghton,47.1219,-88.569,22.28,84,40,0.0,US,1722731130
505,vikulovo,56.8167,70.6107,13.88,92,6,2.95,RU,1722731130
506,edd,13.9297,41.6925,31.51,64,99,0.48,ER,1722731130
507,le vauclin,14.5452,-60.8388,28.03,83,100,4.63,MQ,1722731131
508,rio grande,-32.035,-52.0986,22.06,97,74,5.28,BR,1722730896
509,sakakah,29.9697,40.2064,28.76,28,15,4.23,SA,1722731131
510,goba,7.0167,39.9833,10.41,93,96,2.08,ET,1722731131
511,kudahuvadhoo,2.6708,72.8944,27.97,73,71,1.9,MV,1722731131
512,bozeman,45.6796,-111.0386,35.68,22,95,3.13,US,1722731131
513,putyvl',51.3374,33.8707,14.57,94,100,5.07,UA,1722731132
514,tullamore,53.2739,-7.4889,14.6,85,100,3.11,IE,1722731132
515,quellon,-43.1167,-73.6167,7.36,91,100,2.69,CL,1722731132
516,suances,43.4334,-4.0434,19.99,98,1,1.54,ES,1722731132
517,zhangye,38.9342,100.4517,24.44,20,74,3.16,CN,1722731132
518,north haven,41.3909,-72.8595,23.9,94,20,3.09,US,1722731132
519,namdrik,5.5994,168.1028,29.05,74,45,5.56,MH,1722731133
520,kristiansund,63.1115,7.732,17.36,87,100,1.03,NO,1722731133
521,tocopilla,-22.092,-70.1979,17.16,69,12,0.83,CL,1722731133
522,grand falls-windsor,48.9332,-55.6649,22.5,65,87,4.63,CA,1722731134
523,nuzvid,16.7833,80.85,27.47,79,100,3.85,IN,1722731134
524,ormara,25.2088,64.6357,28.06,85,100,3.09,PK,1722731134
525,saint-louis,16.3333,-15.0,25.8,64,99,7.08,SN,1722731134
526,nantucket,41.2835,-70.0995,25.56,98,24,9.03,US,1722731097
527,nikolayevsk-on-amure,53.1406,140.73,21.17,47,12,1.07,RU,1722731135
528,aldinga beach,-35.2793,138.4604,14.03,66,100,2.95,AU,1722731135
529,inderbor,48.55,51.7833,23.0,34,8,2.43,KZ,1722731135
530,amahai,-3.3333,128.9167,25.11,90,100,4.2,ID,1722731135
531,neyriz,29.1988,54.3278,25.71,44,41,0.3,IR,1722731135
532,nizhnesortymskiy,62.4397,71.7603,19.24,74,94,0.77,RU,1722731059
533,shibetsu,43.659,145.132,23.39,94,75,3.6,JP,1722731136
534,yorosso,12.3536,-4.7761,23.0,90,92,3.1,ML,1722731136
535,paita,-5.0892,-81.1144,17.9,84,27,6.29,PE,1722731136
536,las palmas de gran canaria,28.0997,-15.4134,27.07,36,20,9.77,ES,1722731136
537,villa emilio carranza,19.9667,-96.6,27.86,77,60,2.16,MX,1722731137
538,hadibu,12.65,54.0333,25.51,82,28,10.34,YE,1722731137
539,sorong,-0.8833,131.25,26.23,85,86,2.76,ID,1722731137
540,alausi,-2.2,-78.8333,9.94,86,87,1.6,EC,1722731137
541,bardai,11.65,7.2333,21.45,90,94,3.54,NG,1722731031
542,saint-georges,12.0564,-61.7485,28.82,79,20,3.6,GD,1722731137
543,escarcega,18.6089,-90.7454,26.78,80,87,2.17,MX,1722731137
544,chios,38.3678,26.1358,19.92,56,0,1.54,GR,1722731138
545,homer,59.6425,-151.5483,18.36,53,0,4.63,US,1722731138
546,takanabe,32.1333,131.5,30.94,66,96,1.1,JP,1722731138
547,altai,46.3722,96.2583,16.77,38,36,1.14,MN,1722731138
548,partur,19.6,76.2167,23.39,91,100,6.0,IN,1722731138
549,kualakapuas,-3.0091,114.3876,25.22,79,63,2.25,ID,1722731139
550,gaiman,-43.2897,-65.4929,10.53,41,8,8.53,AR,1722731139
551,umaria,23.5333,80.8333,23.55,98,100,5.6,IN,1722731139
552,pierre,44.3683,-100.351,34.51,46,0,7.2,US,1722731139
553,fisterra,42.9049,-9.2629,18.19,88,0,4.85,ES,1722731139
554,berdigestyakh,62.0989,126.6992,19.43,41,12,2.2,RU,1722731140
555,ribeira brava,32.65,-17.0667,23.35,81,0,1.03,PT,1722731038
556,saint-paul,-21.0096,55.2707,19.06,91,11,1.77,RE,1722730720
557,as sulayyil,20.4607,45.5779,34.14,17,95,0.69,SA,1722731140
558,novyy urgal,51.0736,132.5642,21.84,48,83,0.62,RU,1722731114
559,gwoza,11.1036,13.713,24.2,83,74,3.42,NG,1722731140
560,flin flon,54.7682,-101.865,21.2,35,61,3.67,CA,1722731141
561,altamira,-3.2033,-52.2064,26.37,44,16,1.37,BR,1722731141
562,mar del plata,-38.0023,-57.5575,13.82,55,0,3.09,AR,1722731141
563,mokhsogollokh,61.4681,128.9203,18.84,38,18,1.68,RU,1722731141
564,lugovoy,42.9472,72.7644,23.04,38,0,1.9,KZ,1722731141
565,barcelona,41.3888,2.159,26.65,73,0,1.03,ES,1722731142
566,thunder bay,48.4001,-89.3168,21.99,68,75,2.06,CA,1722730758
567,lianhe,47.1333,129.2667,21.19,66,99,1.97,CN,1722731142
568,severo-yeniseyskiy,60.3725,93.0408,14.19,68,5,0.88,RU,1722730875
569,bamboo flat,11.7,92.7167,24.05,94,75,1.03,IN,1722731142
570,new norfolk,-42.7826,147.0587,10.72,74,73,3.27,AU,1722730912
571,sedalia,38.7045,-93.2283,31.85,51,0,2.06,US,1722731142
572,dromore,54.5167,-7.4667,11.81,90,100,2.56,GB,1722731143
573,glace bay,46.1969,-59.957,22.83,92,100,4.12,CA,1722731143
574,gebeit,21.0667,36.3167,27.35,52,97,1.76,SD,1722731143
575,sitangkai,4.6628,119.3928,28.51,74,100,4.39,PH,1722731143
576,myeik,12.4333,98.6,25.58,89,100,0.96,MM,1722731143
577,horta,38.5333,-28.6333,21.68,88,5,1.34,PT,1722731144
578,jabat,7.75,168.9751,28.46,76,8,4.97,MH,1722731144
579,reguiba,33.5639,6.7033,34.03,27,0,6.17,DZ,1722731144
580,ola,59.5833,151.2833,15.28,49,3,1.08,RU,1722731144
581,ak-suu,42.4995,78.527,17.55,48,5,2.19,KG,1722731144
